{
    "threshold_0.5": {
        "precision": 0.16962843295638125,
        "recall": 0.9813084112149533,
        "f1": 0.2892561983471074
    },
    "threshold_0.7": {
        "precision": 0.25862068965517243,
        "recall": 0.8411214953271028,
        "f1": 0.3956043956043956
    },
    "threshold_0.9": {
        "precision": 0.40869565217391307,
        "recall": 0.4392523364485981,
        "f1": 0.42342342342342343
    }
}